file,species
0021e90e4.png,Common wheat
003d61042.png,Loose Silky-bent
007b3da8b.png,Loose Silky-bent
0086a6340.png,Common wheat
00c47e980.png,Loose Silky-bent
00d090cde.png,Loose Silky-bent
00ef713a8.png,Loose Silky-bent
01291174f.png,Loose Silky-bent
026716f9b.png,Loose Silky-bent
02cfeb38d.png,Loose Silky-bent
03566743d.png,Common wheat
03a2ee656.png,Loose Silky-bent
03e322a29.png,Common wheat
03ef36742.png,Loose Silky-bent
043449b0b.png,Loose Silky-bent
0437393b1.png,Loose Silky-bent
04814f36d.png,Common wheat
05341a8a6.png,Common wheat
060450d79.png,Common wheat
060f1dc84.png,Common wheat
0625f063b.png,Common wheat
063363305.png,Loose Silky-bent
06d12f6fa.png,Common wheat
071cb3ece.png,Common wheat
0751c0bbc.png,Common wheat
07e62f903.png,Common wheat
085974290.png,Common wheat
0885e7690.png,Common wheat
089ad62a7.png,Common wheat
08d591441.png,Loose Silky-bent
0911d3dee.png,Common wheat
099b961ec.png,Common wheat
0a64e3e6c.png,Loose Silky-bent
0ad9e7dfb.png,Common wheat
0ae6668fa.png,Loose Silky-bent
0bf7bfb05.png,Loose Silky-bent
0c27cf05f.png,Loose Silky-bent
0c4199daa.png,Loose Silky-bent
0c45ace27.png,Loose Silky-bent
0c51bf229.png,Common wheat
0c5f6c493.png,Loose Silky-bent
0caeda5df.png,Loose Silky-bent
0d117d910.png,Common wheat
0d31e6602.png,Loose Silky-bent
0dba99002.png,Loose Silky-bent
0e8492cb1.png,Common wheat
0ebf8f2f4.png,Common wheat
0ee4ad224.png,Common wheat
0f6cbe5e8.png,Common wheat
0fb233ad6.png,Common wheat
115f93ecc.png,Loose Silky-bent
116b136de.png,Loose Silky-bent
1191ba346.png,Common wheat
11d3f68ff.png,Loose Silky-bent
122913909.png,Common wheat
12625488b.png,Loose Silky-bent
126a71ce0.png,Common wheat
1312065a5.png,Loose Silky-bent
1364b297a.png,Common wheat
1376f3b63.png,Common wheat
13b9fa92d.png,Loose Silky-bent
1459e96a0.png,Common wheat
148bbda66.png,Common wheat
14bb43eee.png,Loose Silky-bent
1541bdb2e.png,Common wheat
1623fb9e1.png,Loose Silky-bent
16357b436.png,Common wheat
16467a950.png,Common wheat
165681fd9.png,Common wheat
1694a70e4.png,Common wheat
16fd2e01a.png,Loose Silky-bent
172f9b10b.png,Common wheat
17529c555.png,Common wheat
1758a1baf.png,Loose Silky-bent
177d7e2a4.png,Loose Silky-bent
17a78fb44.png,Loose Silky-bent
17d5e5ac4.png,Loose Silky-bent
1821eb11a.png,Common wheat
187668bde.png,Common wheat
1926e82fd.png,Loose Silky-bent
19618ad6a.png,Loose Silky-bent
19b51843a.png,Loose Silky-bent
19e58cc5e.png,Loose Silky-bent
19fdf19fb.png,Loose Silky-bent
1b490196c.png,Common wheat
1b6a6494d.png,Loose Silky-bent
1be0713da.png,Common wheat
1bf9b94a6.png,Common wheat
1c52ea820.png,Loose Silky-bent
1c680883c.png,Loose Silky-bent
1cfd91582.png,Common wheat
1d0cbd819.png,Loose Silky-bent
1d321253f.png,Common wheat
1d48b7564.png,Loose Silky-bent
1d56351b2.png,Common wheat
1dc7c45df.png,Loose Silky-bent
1e095a7e1.png,Common wheat
1f290e016.png,Loose Silky-bent
1f3f44563.png,Common wheat
1f5e5554e.png,Common wheat
1fefb54b7.png,Loose Silky-bent
205df1df3.png,Common wheat
20817c846.png,Common wheat
20e562fd5.png,Loose Silky-bent
20ea96bcc.png,Loose Silky-bent
20f983a71.png,Common wheat
2126dc71b.png,Loose Silky-bent
219fd68d5.png,Common wheat
223e4af09.png,Loose Silky-bent
22e79540f.png,Common wheat
22fbf13d6.png,Loose Silky-bent
239bdf640.png,Common wheat
23bc8ec4f.png,Common wheat
23e480e64.png,Common wheat
2406d6c99.png,Common wheat
241e6935a.png,Loose Silky-bent
248436078.png,Common wheat
24a058589.png,Common wheat
24c94a6ca.png,Common wheat
24d36c52c.png,Loose Silky-bent
24d78df74.png,Loose Silky-bent
24dbc3b21.png,Common wheat
258b1183c.png,Common wheat
25a4c427e.png,Loose Silky-bent
25cf6eb73.png,Common wheat
25fa8d109.png,Loose Silky-bent
26852751a.png,Common wheat
2693e5c65.png,Common wheat
26e7ae885.png,Common wheat
270b939cf.png,Common wheat
279df95f2.png,Loose Silky-bent
288564c76.png,Common wheat
29bab7cad.png,Loose Silky-bent
29ce426a1.png,Common wheat
29f49cd0b.png,Loose Silky-bent
2a5064f19.png,Loose Silky-bent
2a667e099.png,Loose Silky-bent
2b55a2da2.png,Common wheat
2bd74d2da.png,Common wheat
2d5058a59.png,Common wheat
2d992d1fb.png,Loose Silky-bent
2d9c798f9.png,Loose Silky-bent
2dd5cfba9.png,Common wheat
2df78338c.png,Common wheat
2e86f1085.png,Common wheat
2ea664465.png,Loose Silky-bent
2f0004a7f.png,Loose Silky-bent
2f246d688.png,Common wheat
2ff5cb348.png,Common wheat
30ad31220.png,Common wheat
3185294c8.png,Loose Silky-bent
31f3dd81f.png,Loose Silky-bent
31fcdc161.png,Common wheat
3281183f9.png,Loose Silky-bent
32a8c8a1d.png,Loose Silky-bent
32b42c120.png,Common wheat
32c86784b.png,Common wheat
33317fc2a.png,Loose Silky-bent
33448fe39.png,Loose Silky-bent
33748968f.png,Common wheat
338c7e907.png,Common wheat
34dd57ca9.png,Loose Silky-bent
3526b05cc.png,Common wheat
35a90f8d0.png,Common wheat
35cf9fa01.png,Common wheat
35ebe165c.png,Common wheat
36839d5e9.png,Loose Silky-bent
36d62bf36.png,Loose Silky-bent
36ed4f215.png,Loose Silky-bent
37297a64c.png,Loose Silky-bent
37714071b.png,Common wheat
377283a21.png,Common wheat
37c3108d6.png,Common wheat
37e545a60.png,Loose Silky-bent
3827436f3.png,Common wheat
38c054379.png,Common wheat
391dcd7fd.png,Common wheat
39858776a.png,Common wheat
39b740f7e.png,Loose Silky-bent
39c8fde99.png,Loose Silky-bent
39d569be4.png,Loose Silky-bent
3a909ead8.png,Common wheat
3abb502fb.png,Loose Silky-bent
3b73c3b61.png,Loose Silky-bent
3bbef3ecb.png,Common wheat
3d38a87bc.png,Loose Silky-bent
3d65168c2.png,Common wheat
3d67c434b.png,Common wheat
3da774107.png,Loose Silky-bent
3dd52bd2a.png,Loose Silky-bent
3e9f41817.png,Loose Silky-bent
3ebbe9ca4.png,Common wheat
3eda9cbb6.png,Loose Silky-bent
3edf5e9ef.png,Loose Silky-bent
3eebd36c6.png,Common wheat
3efa1f66c.png,Loose Silky-bent
3f64c2c1b.png,Loose Silky-bent
3f826b318.png,Common wheat
3f92d8039.png,Loose Silky-bent
3fbd0fc6a.png,Common wheat
3fbf1a417.png,Common wheat
4049a6ea6.png,Loose Silky-bent
406162ef9.png,Common wheat
406ecb5c5.png,Common wheat
410e6f702.png,Loose Silky-bent
41e07778c.png,Common wheat
41f1c3cdb.png,Loose Silky-bent
4287d810c.png,Common wheat
429211ee6.png,Loose Silky-bent
42e7ed442.png,Common wheat
4392d93cf.png,Loose Silky-bent
43ede9de9.png,Loose Silky-bent
444473900.png,Loose Silky-bent
446f7da01.png,Loose Silky-bent
44e8b8833.png,Common wheat
456d507c0.png,Common wheat
466bb6d3b.png,Common wheat
46c14fde2.png,Loose Silky-bent
47b7d8e17.png,Common wheat
47f9e5d91.png,Common wheat
48231e475.png,Loose Silky-bent
4823c3ffa.png,Loose Silky-bent
486e59179.png,Loose Silky-bent
48d97c645.png,Loose Silky-bent
48ef6a2ff.png,Loose Silky-bent
490c4f9c8.png,Loose Silky-bent
4a337a4a9.png,Common wheat
4ac29bbf0.png,Loose Silky-bent
4b032563b.png,Common wheat
4b155fb07.png,Common wheat
4bbf1f6ea.png,Common wheat
4bbfd1e05.png,Common wheat
4bcdaa5e2.png,Common wheat
4c5ab9b68.png,Loose Silky-bent
4c7838de4.png,Common wheat
4c8005bbc.png,Loose Silky-bent
4e1190d78.png,Loose Silky-bent
4e18ab737.png,Common wheat
4e69d100a.png,Loose Silky-bent
4e9d3765f.png,Common wheat
4ea7493d5.png,Common wheat
4f44ca525.png,Common wheat
4f83143e1.png,Common wheat
502dff972.png,Common wheat
506347cfe.png,Common wheat
50de8a115.png,Common wheat
521b27a17.png,Loose Silky-bent
523e5505c.png,Common wheat
5296835a0.png,Common wheat
52a87abe5.png,Loose Silky-bent
52dc7a4d6.png,Loose Silky-bent
5315c2dca.png,Loose Silky-bent
534e74d83.png,Common wheat
539961189.png,Common wheat
53ceb4657.png,Common wheat
53e6e9000.png,Loose Silky-bent
54b3afd58.png,Loose Silky-bent
54c8bb900.png,Common wheat
550a8b7e6.png,Common wheat
55251925f.png,Loose Silky-bent
558aa7deb.png,Loose Silky-bent
55920f07f.png,Common wheat
55a852f40.png,Common wheat
55fed435f.png,Common wheat
56112b92c.png,Loose Silky-bent
56a01b835.png,Common wheat
5779fe8b4.png,Loose Silky-bent
5817b766d.png,Common wheat
5883b423d.png,Loose Silky-bent
589e643b8.png,Common wheat
590f5aea6.png,Common wheat
592473c83.png,Loose Silky-bent
592cc5b89.png,Loose Silky-bent
59358cd44.png,Loose Silky-bent
593896f83.png,Common wheat
599691cd9.png,Loose Silky-bent
599c82eea.png,Loose Silky-bent
59b2c6f2b.png,Loose Silky-bent
59c6a9f95.png,Loose Silky-bent
59e1cea8d.png,Common wheat
59f62ad1d.png,Loose Silky-bent
5a38ac566.png,Loose Silky-bent
5a6bf96f6.png,Common wheat
5af1d74ee.png,Loose Silky-bent
5b3000b9a.png,Common wheat
5b3beec58.png,Loose Silky-bent
5b63dcc21.png,Common wheat
5bbc0a255.png,Common wheat
5bc6595f6.png,Common wheat
5bd71f445.png,Common wheat
5bdcfa329.png,Loose Silky-bent
5c3cd7ea2.png,Common wheat
5ca0205f9.png,Common wheat
5ca2687a4.png,Common wheat
5dcad9a53.png,Common wheat
5e6a237f2.png,Common wheat
5eb9c26a6.png,Loose Silky-bent
5ee9d0a5b.png,Loose Silky-bent
5f04aed97.png,Common wheat
6049234e6.png,Loose Silky-bent
604dd663f.png,Common wheat
606647f64.png,Common wheat
60ee66ddd.png,Common wheat
60f0bc617.png,Loose Silky-bent
60fea2ef6.png,Common wheat
615d2b0a9.png,Common wheat
618de3d7a.png,Common wheat
61b044411.png,Loose Silky-bent
61dd2cdc5.png,Common wheat
632156793.png,Common wheat
63c07d340.png,Common wheat
647689543.png,Loose Silky-bent
64fe8beb9.png,Common wheat
653193c1a.png,Loose Silky-bent
65489944f.png,Common wheat
659412b1a.png,Loose Silky-bent
65d08b894.png,Loose Silky-bent
65e262a6d.png,Common wheat
65e97117e.png,Loose Silky-bent
664194d19.png,Common wheat
6680836dd.png,Loose Silky-bent
668c1007c.png,Common wheat
66ab0e8d0.png,Common wheat
675ec1b0b.png,Common wheat
67ce3eaa6.png,Loose Silky-bent
67e185673.png,Common wheat
686dc7ec8.png,Loose Silky-bent
6908fb540.png,Common wheat
6982a9d30.png,Loose Silky-bent
699d3c707.png,Common wheat
69d1669f8.png,Common wheat
6a41bf95b.png,Common wheat
6a47821f9.png,Loose Silky-bent
6b721f68e.png,Loose Silky-bent
6b9d6f8c9.png,Common wheat
6ba4ef411.png,Common wheat
6bce55e05.png,Common wheat
6be169e41.png,Common wheat
6c874918c.png,Loose Silky-bent
6d6eb3830.png,Common wheat
6da892be6.png,Loose Silky-bent
6db684fff.png,Common wheat
6dd095129.png,Common wheat
6df8e31ea.png,Common wheat
6edb96d45.png,Common wheat
6edc76e7c.png,Common wheat
711b46fba.png,Common wheat
71334c634.png,Common wheat
71b232519.png,Loose Silky-bent
71e73a8a0.png,Common wheat
71f5323c5.png,Loose Silky-bent
721b2c47a.png,Loose Silky-bent
721be0a4a.png,Loose Silky-bent
728eabae1.png,Common wheat
73260a4ee.png,Common wheat
74068643d.png,Loose Silky-bent
74d810f87.png,Loose Silky-bent
74fd477eb.png,Common wheat
7506c0c02.png,Common wheat
752101fdf.png,Loose Silky-bent
754b1adf8.png,Common wheat
756dd5070.png,Common wheat
75cb95e91.png,Common wheat
7615e52d3.png,Common wheat
76555b064.png,Loose Silky-bent
7691014a1.png,Common wheat
7696badea.png,Loose Silky-bent
76dbd1054.png,Loose Silky-bent
770a265f5.png,Loose Silky-bent
77ccb8b2a.png,Common wheat
780bd2a2c.png,Loose Silky-bent
780defa2e.png,Loose Silky-bent
785a73ab8.png,Common wheat
78750e0ff.png,Common wheat
78b1bf91a.png,Loose Silky-bent
78c5fba1d.png,Common wheat
79d93bc96.png,Loose Silky-bent
79dafec17.png,Loose Silky-bent
79e5ea8fa.png,Common wheat
79fba50db.png,Common wheat
7a38416be.png,Common wheat
7b21ba6ba.png,Loose Silky-bent
7b52585da.png,Loose Silky-bent
7beb2766f.png,Common wheat
7c85b0265.png,Loose Silky-bent
7cabd68cc.png,Loose Silky-bent
7d22abf91.png,Common wheat
7d3045fc3.png,Loose Silky-bent
7d4cd07ad.png,Loose Silky-bent
7e9cf1c46.png,Loose Silky-bent
7f31c7f42.png,Loose Silky-bent
7f46a71db.png,Loose Silky-bent
7f9e9565d.png,Loose Silky-bent
7fdb7202d.png,Common wheat
800a8c17e.png,Loose Silky-bent
808578ed5.png,Common wheat
808cf55c6.png,Common wheat
809eb0b82.png,Common wheat
80e299ae9.png,Common wheat
8104422bb.png,Common wheat
8170d33c1.png,Common wheat
824f5d4e5.png,Common wheat
827279bad.png,Common wheat
82b5f4d33.png,Common wheat
8301b0547.png,Loose Silky-bent
8303b27ed.png,Loose Silky-bent
8311740de.png,Common wheat
835dc5447.png,Loose Silky-bent
837ac0270.png,Common wheat
8455169fe.png,Loose Silky-bent
851c90831.png,Loose Silky-bent
85431c075.png,Loose Silky-bent
855955aaf.png,Common wheat
856f2910a.png,Common wheat
8585f9718.png,Loose Silky-bent
862b8e7a0.png,Loose Silky-bent
86676d627.png,Loose Silky-bent
866be78b0.png,Common wheat
86c309150.png,Common wheat
86f08e6d1.png,Common wheat
87608f7aa.png,Common wheat
87f627bf9.png,Common wheat
8874bba69.png,Loose Silky-bent
88ac6df54.png,Common wheat
88d8a4508.png,Common wheat
8916793ce.png,Loose Silky-bent
892e9d6c6.png,Common wheat
897e5a8de.png,Common wheat
8a30b2de3.png,Loose Silky-bent
8a32d0bfa.png,Common wheat
8a4d3a1b1.png,Loose Silky-bent
8a8d6c712.png,Common wheat
8ab8a958b.png,Loose Silky-bent
8b043093d.png,Common wheat
8b27bfd2b.png,Loose Silky-bent
8b9144917.png,Loose Silky-bent
8bc0261c9.png,Loose Silky-bent
8c98a6e9b.png,Loose Silky-bent
8c9953903.png,Common wheat
8ca6140ca.png,Loose Silky-bent
8cf2e3e6c.png,Common wheat
8cf909eb3.png,Common wheat
8cfd98117.png,Common wheat
8d6991365.png,Common wheat
8d6acbe9b.png,Loose Silky-bent
8db450ce3.png,Loose Silky-bent
8dbb8e1b9.png,Common wheat
8e29abce1.png,Common wheat
8e2e5604e.png,Loose Silky-bent
8e3ed0a25.png,Common wheat
8e4eaeec0.png,Loose Silky-bent
8e6ec1ca6.png,Common wheat
8ece6efec.png,Loose Silky-bent
8f523520c.png,Common wheat
8faadb6a8.png,Loose Silky-bent
90b595f12.png,Common wheat
90d119d25.png,Common wheat
91e469b4a.png,Common wheat
92292055d.png,Common wheat
93079d970.png,Common wheat
9326bda1b.png,Common wheat
93d76fd5d.png,Loose Silky-bent
948cdb277.png,Common wheat
9516e56c4.png,Common wheat
953496deb.png,Common wheat
958bb9e96.png,Common wheat
963544aa0.png,Loose Silky-bent
9643fc5f4.png,Common wheat
966ae5ad9.png,Loose Silky-bent
969a851be.png,Common wheat
96ecad7a1.png,Common wheat
96f14d90c.png,Common wheat
974959ec1.png,Loose Silky-bent
976e4e079.png,Loose Silky-bent
97844bfd5.png,Common wheat
97b2f0a10.png,Common wheat
98062cd87.png,Common wheat
98d819587.png,Common wheat
98da6ef4e.png,Common wheat
99036c51d.png,Loose Silky-bent
99569b224.png,Loose Silky-bent
995c7ab1e.png,Loose Silky-bent
9a3f20121.png,Loose Silky-bent
9aa5587fe.png,Loose Silky-bent
9b4800b42.png,Common wheat
9b9911f20.png,Common wheat
9baf94467.png,Loose Silky-bent
9c0c5b731.png,Loose Silky-bent
9c32a797e.png,Loose Silky-bent
9c777333d.png,Common wheat
9c8b08a24.png,Loose Silky-bent
9cce7328c.png,Loose Silky-bent
9d3cb4745.png,Loose Silky-bent
9d79a1f0c.png,Loose Silky-bent
9df3275da.png,Common wheat
9fab816f2.png,Loose Silky-bent
a006a475c.png,Common wheat
a060c1cf8.png,Common wheat
a0b393945.png,Loose Silky-bent
a0f37c726.png,Loose Silky-bent
a169b71e7.png,Common wheat
a19c3faca.png,Common wheat
a1da8be3c.png,Common wheat
a1e0a6c02.png,Common wheat
a254d71f6.png,Common wheat
a276c65f7.png,Loose Silky-bent
a2b703e21.png,Loose Silky-bent
a2c89c367.png,Common wheat
a2d25b4f3.png,Common wheat
a35fd6fbb.png,Common wheat
a38b8a581.png,Common wheat
a3b375b34.png,Loose Silky-bent
a3d0031fd.png,Loose Silky-bent
a4b61a4ea.png,Loose Silky-bent
a544fc46d.png,Common wheat
a55d26a4c.png,Loose Silky-bent
a5db42f7d.png,Common wheat
a74bf916d.png,Common wheat
a74d475c2.png,Loose Silky-bent
a7bd7cadb.png,Loose Silky-bent
a800caead.png,Loose Silky-bent
a83820a2c.png,Loose Silky-bent
a8388a37f.png,Loose Silky-bent
a85b48a95.png,Loose Silky-bent
a85fc8c9a.png,Common wheat
a890ac088.png,Common wheat
a8b431a3e.png,Common wheat
a8c8a1db0.png,Common wheat
a8da9c08d.png,Common wheat
a8de7c1b7.png,Loose Silky-bent
a935ca110.png,Loose Silky-bent
a93f940d6.png,Common wheat
a9d2eab61.png,Loose Silky-bent
aa7d098d1.png,Loose Silky-bent
aad8375e0.png,Common wheat
aaf4da98f.png,Loose Silky-bent
ab0f67743.png,Loose Silky-bent
ab35453cb.png,Common wheat
abc331628.png,Loose Silky-bent
abf8b0772.png,Common wheat
ac3193f78.png,Loose Silky-bent
ac75d3326.png,Loose Silky-bent
acdb75e00.png,Loose Silky-bent
ace8761dd.png,Common wheat
ad12382d4.png,Loose Silky-bent
adb7a032c.png,Loose Silky-bent
ae90f2827.png,Common wheat
aecfaed64.png,Common wheat
aee6fa3df.png,Loose Silky-bent
af45e222a.png,Common wheat
afa446484.png,Common wheat
afcf6abd5.png,Loose Silky-bent
b026bf8ca.png,Loose Silky-bent
b03397525.png,Loose Silky-bent
b0acaff4a.png,Loose Silky-bent
b130a0632.png,Common wheat
b145ba9d4.png,Common wheat
b1cd2a91e.png,Common wheat
b215531dd.png,Common wheat
b2706e2b3.png,Loose Silky-bent
b29339405.png,Loose Silky-bent
b30ab4659.png,Common wheat
b31292706.png,Common wheat
b341d0aab.png,Loose Silky-bent
b39c71707.png,Common wheat
b3d6fdb80.png,Loose Silky-bent
b3e08b037.png,Common wheat
b47691c08.png,Common wheat
b4c3df835.png,Common wheat
b4f7c9214.png,Loose Silky-bent
b573b7a56.png,Loose Silky-bent
b5c7fd009.png,Loose Silky-bent
b62dca166.png,Loose Silky-bent
b687160f5.png,Common wheat
b6a3f7876.png,Loose Silky-bent
b6f3d8b5d.png,Loose Silky-bent
b7192c70f.png,Loose Silky-bent
b7a7f6390.png,Loose Silky-bent
b7ad92859.png,Common wheat
b828443ff.png,Common wheat
b9062c1c8.png,Common wheat
b944a49ca.png,Loose Silky-bent
b98327bf4.png,Common wheat
ba3ce6b3e.png,Loose Silky-bent
bb1c84bbc.png,Loose Silky-bent
bb1d1bfd3.png,Common wheat
bb20fce02.png,Common wheat
bb64660b7.png,Loose Silky-bent
bb7621cb3.png,Common wheat
bd72d4d8a.png,Common wheat
bd789d151.png,Common wheat
bdde957ec.png,Common wheat
be2499cf4.png,Common wheat
be341dbdc.png,Loose Silky-bent
bea23d9f8.png,Common wheat
bebcaab66.png,Loose Silky-bent
beebe5f4e.png,Common wheat
bf3924a57.png,Common wheat
bf66b9cd2.png,Common wheat
bfab3e3d0.png,Loose Silky-bent
bffc08672.png,Common wheat
c0461776c.png,Loose Silky-bent
c069fc3fa.png,Loose Silky-bent
c06e7c748.png,Common wheat
c0bc3997b.png,Common wheat
c0d9e170b.png,Common wheat
c0f5d9ac8.png,Loose Silky-bent
c10ccbd82.png,Common wheat
c10db7ae2.png,Common wheat
c1ecff98b.png,Loose Silky-bent
c26ccf73c.png,Loose Silky-bent
c2de6020a.png,Loose Silky-bent
c35efa095.png,Common wheat
c4ed8ed38.png,Common wheat
c50335991.png,Loose Silky-bent
c5078bac5.png,Loose Silky-bent
c5e419015.png,Common wheat
c5e88cd42.png,Loose Silky-bent
c60e91e07.png,Loose Silky-bent
c63da993b.png,Common wheat
c64370a72.png,Loose Silky-bent
c6b76307d.png,Common wheat
c6c8d4ba0.png,Loose Silky-bent
c7051c902.png,Loose Silky-bent
c74c5b7fc.png,Common wheat
c75a82234.png,Common wheat
c7ae30f3a.png,Common wheat
c7b07431e.png,Common wheat
c7eb96871.png,Common wheat
c832e4302.png,Loose Silky-bent
c85ef220d.png,Common wheat
c88ebfb47.png,Common wheat
c8f50f0c3.png,Loose Silky-bent
caa2fbd79.png,Common wheat
cadab6616.png,Common wheat
cae684f8f.png,Common wheat
cb496f36e.png,Loose Silky-bent
cb76a7766.png,Common wheat
cbba27d89.png,Common wheat
cbe761896.png,Common wheat
cc3d2a59a.png,Loose Silky-bent
cc74feadc.png,Common wheat
cd5f0db1c.png,Common wheat
cd6adba97.png,Loose Silky-bent
ce15eee52.png,Common wheat
ce3d280eb.png,Loose Silky-bent
ce42adffb.png,Loose Silky-bent
cec5bf198.png,Common wheat
cf3a8b2fd.png,Common wheat
cf46d09c5.png,Common wheat
cf90fc52d.png,Common wheat
cfb18d262.png,Common wheat
cfd8165e9.png,Common wheat
d0152bd7c.png,Loose Silky-bent
d01873fdd.png,Loose Silky-bent
d09275360.png,Loose Silky-bent
d09d24c58.png,Loose Silky-bent
d0cdc768f.png,Loose Silky-bent
d102e1a15.png,Common wheat
d14aa43f3.png,Loose Silky-bent
d17f48d3b.png,Common wheat
d2f0f326e.png,Common wheat
d2f422ccb.png,Common wheat
d2fd9df40.png,Loose Silky-bent
d3331e071.png,Loose Silky-bent
d350a25fa.png,Common wheat
d41d87796.png,Loose Silky-bent
d488a4fe1.png,Common wheat
d515398fd.png,Loose Silky-bent
d563be369.png,Loose Silky-bent
d5f7dd60a.png,Loose Silky-bent
d668409ff.png,Loose Silky-bent
d689256be.png,Common wheat
d6c8c3c48.png,Common wheat
d6d31dcbe.png,Loose Silky-bent
d6d80a321.png,Common wheat
d7017f701.png,Common wheat
d84d37a61.png,Loose Silky-bent
d89db156f.png,Common wheat
d8f4923f8.png,Common wheat
d93c7ab6d.png,Loose Silky-bent
d9c50616e.png,Loose Silky-bent
da231c97f.png,Common wheat
da4ed3a28.png,Common wheat
da5255450.png,Loose Silky-bent
da713c465.png,Loose Silky-bent
da9ef7858.png,Common wheat
dabe3e5be.png,Loose Silky-bent
dabea05f4.png,Loose Silky-bent
dc4cd56a3.png,Loose Silky-bent
dc55449b2.png,Loose Silky-bent
dcd7ff249.png,Loose Silky-bent
dce2f6612.png,Common wheat
dd5ec63d9.png,Loose Silky-bent
dd9f36df7.png,Loose Silky-bent
de0b79659.png,Loose Silky-bent
df11d56a7.png,Loose Silky-bent
df521c0c0.png,Loose Silky-bent
df7cb5f87.png,Common wheat
dfb1d9012.png,Loose Silky-bent
e0ec5b6a1.png,Loose Silky-bent
e14afa235.png,Loose Silky-bent
e15472085.png,Common wheat
e15fce4f2.png,Common wheat
e1809cef2.png,Common wheat
e19673dc9.png,Loose Silky-bent
e19ad6ac9.png,Common wheat
e1a0e3202.png,Loose Silky-bent
e1abb4ff9.png,Loose Silky-bent
e3f50adfc.png,Common wheat
e471f1d3a.png,Common wheat
e478c452c.png,Common wheat
e4a76885b.png,Common wheat
e4d5ec761.png,Loose Silky-bent
e5064f6be.png,Loose Silky-bent
e52493d0b.png,Common wheat
e5297b675.png,Loose Silky-bent
e5368474f.png,Common wheat
e5881dd33.png,Common wheat
e5e3dccff.png,Loose Silky-bent
e6f1211a2.png,Common wheat
e7077322d.png,Common wheat
e721c6ac8.png,Loose Silky-bent
e73e308be.png,Loose Silky-bent
e783f5a4f.png,Common wheat
e80a259c5.png,Common wheat
e82017baa.png,Loose Silky-bent
e84464f5a.png,Common wheat
e88bf0db9.png,Loose Silky-bent
e901b0f28.png,Common wheat
e921021a8.png,Common wheat
e96e57a90.png,Common wheat
e98e5d1d5.png,Loose Silky-bent
e9cd91682.png,Common wheat
e9d48d664.png,Common wheat
eaf0815e2.png,Loose Silky-bent
ec08a5d56.png,Common wheat
ede6b84b4.png,Common wheat
edfdb4aeb.png,Loose Silky-bent
eec1079a1.png,Common wheat
eef131644.png,Loose Silky-bent
ef02b4ee7.png,Loose Silky-bent
ef3e232ad.png,Loose Silky-bent
ef65533d5.png,Loose Silky-bent
ef74dbcad.png,Common wheat
ef7a5651d.png,Loose Silky-bent
ef9676433.png,Common wheat
efe19dc32.png,Common wheat
f0ffa00bd.png,Common wheat
f1e87cba7.png,Loose Silky-bent
f1f7c833f.png,Common wheat
f23faf9c1.png,Loose Silky-bent
f25996db8.png,Common wheat
f2dc546ca.png,Common wheat
f33e9d918.png,Common wheat
f351ce097.png,Loose Silky-bent
f3fcfff1b.png,Common wheat
f4021df6c.png,Loose Silky-bent
f4234cf4f.png,Loose Silky-bent
f445fe6fb.png,Common wheat
f48916a8c.png,Common wheat
f4ad9d950.png,Loose Silky-bent
f4caf74f9.png,Common wheat
f4e7733d4.png,Common wheat
f593c9cf0.png,Common wheat
f66ae4070.png,Common wheat
f6d250856.png,Common wheat
f8318faf1.png,Common wheat
f85ed9b6d.png,Common wheat
f9b6bfb00.png,Common wheat
f9ea23fb5.png,Loose Silky-bent
f9f35cbd4.png,Loose Silky-bent
fa5fd1384.png,Common wheat
fa9f3a8f9.png,Common wheat
fadc6adbc.png,Common wheat
fb022edf9.png,Loose Silky-bent
fba8fc78a.png,Common wheat
fbf88b6be.png,Common wheat
fc3e58836.png,Common wheat
fc6f686fb.png,Common wheat
fd253a74e.png,Common wheat
fd87b36ae.png,Loose Silky-bent
fd925f542.png,Loose Silky-bent
fda0b5c38.png,Loose Silky-bent
fda39e16f.png,Loose Silky-bent
fdea6b119.png,Loose Silky-bent
fe29629fb.png,Common wheat
fe9e87b78.png,Common wheat
fea1d13d6.png,Common wheat
fea355851.png,Loose Silky-bent
fea3da57c.png,Loose Silky-bent
fef2ade8c.png,Loose Silky-bent
ff65bc002.png,Loose Silky-bent
ffc6f8527.png,Loose Silky-bent
